{"cameraMode":{"drawMode":0,"name":"Shaded","section":"Shading Mode"},"sceneLighting":false,"audioPlay":false,"sceneViewState":{"showFog":true,"showMaterialUpdate":false,"showSkybox":false,"showFlares":true,"showImageEffects":true,"showParticleSystems":true},"in2DMode":false,"pivot":{"x":-1.311947226524353,"y":4.171640872955322,"z":-1.0384323596954346},"rotation":{"x":0.2629511058330536,"y":-0.26704829931259158,"z":0.07593236863613129,"w":0.9241225123405457},"size":0.46105867624282839,"orthographic":false}