{"cameraMode":{"drawMode":0,"name":"Shaded","section":"Shading Mode"},"sceneLighting":false,"audioPlay":false,"sceneViewState":{"showFog":true,"showMaterialUpdate":false,"showSkybox":false,"showFlares":true,"showImageEffects":true,"showParticleSystems":true},"in2DMode":false,"pivot":{"x":5.24444580078125,"y":4.491345405578613,"z":1.6639000177383423},"rotation":{"x":-0.1444912999868393,"y":-0.7394415736198425,"z":0.16807611286640168,"w":-0.6357051730155945},"size":0.12176257371902466,"orthographic":false}