{"cameraMode":{"drawMode":0,"name":"Shaded","section":"Shading Mode"},"sceneLighting":false,"audioPlay":false,"sceneViewState":{"showFog":true,"showMaterialUpdate":false,"showSkybox":false,"showFlares":true,"showImageEffects":true,"showParticleSystems":true},"in2DMode":false,"pivot":{"x":-3.990000009536743,"y":3.5199999809265138,"z":1.2531126737594605},"rotation":{"x":-0.018645817413926126,"y":-0.9729317426681519,"z":0.0845632404088974,"w":-0.21440063416957856},"size":1.207395076751709,"orthographic":false}