{"cameraMode":{"drawMode":0,"name":"Shaded","section":"Shading Mode"},"sceneLighting":false,"audioPlay":false,"sceneViewState":{"showFog":true,"showMaterialUpdate":false,"showSkybox":false,"showFlares":true,"showImageEffects":true,"showParticleSystems":true},"in2DMode":false,"pivot":{"x":-5.007959365844727,"y":4.572999954223633,"z":3.066999912261963},"rotation":{"x":0.1114591732621193,"y":-0.3310531675815582,"z":0.03941446170210838,"w":0.9361768960952759},"size":0.8298778533935547,"orthographic":false}